,Sex,Survived,Pclass,Age,Fare,Embarked,Titles,TicketTitles,CabinTitles,FamilyType
0,0,0,3,22.0,7.25,2,1.0,4,1,1
1,1,1,1,38.0,71.2833,1,2.0,2,2,1
2,1,1,3,26.0,7.925,2,3.0,5,1,0
3,1,1,1,35.0,53.1,2,2.0,1,2,1
4,0,0,3,35.0,8.05,2,1.0,1,1,0
6,0,0,1,54.0,51.8625,2,1.0,1,5,0
7,0,0,3,2.0,21.075,2,4.0,1,1,4
8,1,1,3,27.0,11.1333,2,2.0,1,1,2
9,1,1,2,14.0,30.0708,1,2.0,1,1,1
10,1,1,3,4.0,16.7,2,3.0,13,8,2
11,1,1,1,58.0,26.55,2,3.0,1,2,0
12,0,0,3,20.0,8.05,2,1.0,4,1,0
13,0,0,3,39.0,31.275,2,1.0,1,1,6
14,1,0,3,14.0,7.8542,2,3.0,1,1,0
15,1,1,2,55.0,16.0,2,2.0,1,1,0
16,0,0,3,2.0,29.125,3,4.0,1,1,5
18,1,0,3,31.0,18.0,2,2.0,1,1,1
20,0,0,2,35.0,26.0,2,1.0,1,1,0
21,0,1,2,34.0,13.0,2,1.0,1,4,0
22,1,1,3,15.0,8.0292,3,3.0,1,1,0
23,0,1,1,28.0,35.5,2,1.0,1,6,0
24,1,0,3,8.0,21.075,2,3.0,1,1,4
25,1,1,3,38.0,31.3875,2,2.0,1,1,6
27,0,0,1,19.0,263.0,2,1.0,1,2,5
30,0,0,1,40.0,27.7208,1,9.0,2,1,0
33,0,0,2,66.0,10.5,2,1.0,3,1,0
34,0,0,1,28.0,82.1708,1,1.0,2,1,1
35,0,0,1,42.0,52.0,2,1.0,1,1,1
37,0,0,3,21.0,8.05,2,1.0,4,1,0
38,1,0,3,18.0,18.0,2,3.0,1,1,2
39,1,1,3,14.0,11.2417,1,3.0,1,1,1
40,1,0,3,40.0,9.475,2,2.0,1,1,1
41,1,0,2,27.0,21.0,2,2.0,1,1,1
43,1,1,2,3.0,41.5792,1,3.0,9,1,3
44,1,1,3,19.0,7.8792,3,3.0,1,1,0
49,1,0,3,18.0,17.8,2,2.0,1,1,1
50,0,0,3,7.0,39.6875,2,4.0,1,1,5
51,0,0,3,21.0,7.8,2,1.0,4,1,0
52,1,1,1,49.0,76.7292,1,2.0,2,4,1
53,1,1,2,29.0,26.0,2,2.0,1,1,1
54,0,0,1,65.0,61.9792,1,1.0,1,3,1
56,1,1,2,21.0,10.5,2,3.0,3,1,0
57,0,0,3,28.5,7.2292,1,1.0,1,1,0
58,1,1,2,5.0,27.75,2,3.0,3,1,3
59,0,0,3,11.0,46.9,2,4.0,8,1,7
60,0,0,3,22.0,7.2292,1,1.0,1,1,0
62,0,0,1,45.0,83.475,2,1.0,1,2,1
63,0,0,3,4.0,27.9,2,4.0,1,1,5
66,1,1,2,29.0,10.5,2,2.0,3,7,0
67,0,0,3,19.0,8.1583,2,1.0,7,1,0
68,1,1,3,17.0,7.925,2,3.0,1,1,6
69,0,0,3,26.0,8.6625,2,1.0,1,1,2
70,0,0,2,32.0,10.5,2,1.0,3,1,0
71,1,0,3,16.0,46.9,2,3.0,8,1,7
72,0,0,2,21.0,73.5,2,1.0,7,1,0
73,0,0,3,26.0,14.4542,1,1.0,1,1,1
74,0,1,3,32.0,56.4958,2,1.0,1,1,0
75,0,0,3,25.0,7.65,2,1.0,1,7,0
78,0,1,2,0.83,29.0,2,4.0,1,1,2
79,1,1,3,30.0,12.475,2,3.0,1,1,0
80,0,0,3,22.0,9.0,2,1.0,1,1,0
81,0,1,3,29.0,9.5,2,1.0,1,1,0
83,0,0,1,28.0,47.1,2,1.0,1,1,0
84,1,1,2,17.0,10.5,2,3.0,18,1,0
85,1,1,3,33.0,15.85,2,2.0,1,1,3
86,0,0,3,16.0,34.375,2,1.0,10,1,4
88,1,1,1,23.0,263.0,2,3.0,1,2,5
89,0,0,3,24.0,8.05,2,1.0,1,1,0
90,0,0,3,29.0,8.05,2,1.0,1,1,0
91,0,0,3,20.0,7.8542,2,1.0,1,1,0
92,0,0,1,46.0,61.175,2,1.0,10,5,1
93,0,0,3,26.0,20.575,2,1.0,3,1,3
94,0,0,3,59.0,7.25,2,1.0,1,1,0
96,0,0,1,71.0,34.6542,1,1.0,2,6,0
97,0,1,1,23.0,63.3583,1,1.0,2,4,1
98,1,1,2,34.0,23.0,2,2.0,1,1,1
99,0,0,2,34.0,26.0,2,1.0,1,1,1
100,1,0,3,28.0,7.8958,2,3.0,1,1,0
102,0,0,1,21.0,77.2875,2,1.0,1,4,1
103,0,0,3,33.0,8.6542,2,1.0,1,1,0
104,0,0,3,37.0,7.925,2,1.0,1,1,2
105,0,0,3,28.0,7.8958,2,1.0,1,1,0
106,1,1,3,21.0,7.65,2,3.0,1,1,0
108,0,0,3,38.0,7.8958,2,1.0,1,1,0
110,0,0,1,47.0,52.0,2,1.0,1,2,0
111,1,0,3,14.5,14.4542,1,3.0,1,1,1
112,0,0,3,22.0,8.05,2,1.0,1,1,0
113,1,0,3,20.0,9.825,2,3.0,1,1,1
114,1,0,3,17.0,14.4583,1,3.0,1,1,0
115,0,0,3,21.0,7.925,2,1.0,5,1,0
116,0,0,3,70.5,7.75,3,1.0,1,1,0
117,0,0,2,29.0,21.0,2,1.0,1,1,1
118,0,0,1,24.0,247.5208,1,1.0,2,3,1
119,1,0,3,2.0,31.275,2,3.0,1,1,6
120,0,0,2,21.0,73.5,2,1.0,7,1,2
122,0,0,2,32.5,30.0708,1,1.0,1,1,1
123,1,1,2,32.5,13.0,2,3.0,1,5,0
124,0,0,1,54.0,77.2875,2,1.0,1,4,1
125,0,1,3,12.0,11.2417,1,4.0,1,1,1
127,0,1,3,24.0,7.1417,2,1.0,3,1,0
129,0,0,3,45.0,6.975,2,1.0,1,1,0
130,0,0,3,33.0,7.8958,1,1.0,1,1,0
131,0,0,3,20.0,7.05,2,1.0,6,1,0
132,1,0,3,47.0,14.5,2,2.0,4,1,1
133,1,1,2,29.0,26.0,2,2.0,1,1,1
134,0,0,2,25.0,13.0,2,1.0,3,1,0
135,0,0,2,23.0,15.0458,1,1.0,9,1,0
136,1,1,1,19.0,26.2833,2,3.0,1,4,2
137,0,0,1,37.0,53.1,2,1.0,1,2,1
138,0,0,3,16.0,9.2167,2,1.0,1,1,0
139,0,0,1,24.0,79.2,1,1.0,2,3,0
141,1,1,3,22.0,7.75,2,3.0,1,1,0
142,1,1,3,24.0,15.85,2,2.0,5,1,1
143,0,0,3,19.0,6.75,3,1.0,1,1,0
144,0,0,2,18.0,11.5,2,1.0,1,1,0
145,0,0,2,19.0,36.75,2,1.0,3,1,2
146,0,1,3,27.0,7.7958,2,1.0,1,1,0
147,1,0,3,9.0,34.375,2,3.0,10,1,4
148,0,0,2,36.5,26.0,2,1.0,1,7,2
149,0,0,2,42.0,13.0,2,5.0,1,1,0
150,0,0,2,51.0,12.525,2,5.0,7,1,0
151,1,1,1,22.0,66.6,2,2.0,1,2,1
152,0,0,3,55.5,8.05,2,1.0,4,1,0
153,0,0,3,40.5,14.5,2,1.0,4,1,2
155,0,0,1,51.0,61.3792,1,1.0,2,1,1
156,1,1,3,16.0,7.7333,3,3.0,1,1,0
157,0,0,3,30.0,8.05,2,1.0,6,1,0
160,0,0,3,44.0,16.1,2,1.0,1,1,1
161,1,1,2,40.0,15.75,2,2.0,3,1,0
162,0,0,3,26.0,7.775,2,1.0,1,1,0
163,0,0,3,17.0,8.6625,2,1.0,1,1,0
164,0,0,3,1.0,39.6875,2,4.0,1,1,5
165,0,1,3,9.0,20.525,2,4.0,1,1,2
167,1,0,3,45.0,27.9,2,2.0,1,1,5
169,0,0,3,28.0,56.4958,2,1.0,1,1,0
170,0,0,1,61.0,33.5,2,1.0,1,3,0
171,0,0,3,4.0,29.125,3,4.0,1,1,5
172,1,1,3,1.0,11.1333,2,3.0,1,1,2
173,0,0,3,21.0,7.925,2,1.0,5,1,0
174,0,0,1,56.0,30.6958,1,1.0,1,6,0
175,0,0,3,18.0,7.8542,2,1.0,1,1,2
177,1,0,1,50.0,28.7125,1,3.0,2,2,0
178,0,0,2,30.0,13.0,2,1.0,1,1,0
179,0,0,3,36.0,0.0,2,1.0,12,1,0
182,0,0,3,9.0,31.3875,2,4.0,1,1,6
183,0,1,2,1.0,39.0,2,4.0,1,7,3
184,1,1,3,4.0,22.025,2,3.0,1,1,2
187,0,1,1,45.0,26.55,2,1.0,1,1,0
188,0,0,3,40.0,15.5,3,1.0,1,1,2
189,0,0,3,36.0,7.8958,2,1.0,1,1,0
190,1,1,2,32.0,13.0,2,2.0,1,1,0
191,0,0,2,19.0,13.0,2,1.0,1,1,0
192,1,1,3,19.0,7.8542,2,3.0,1,1,1
193,0,1,2,3.0,26.0,2,4.0,1,7,2
194,1,1,1,44.0,27.7208,1,2.0,2,3,0
195,1,1,1,58.0,146.5208,1,3.0,2,3,0
197,0,0,3,42.0,8.4042,2,1.0,1,1,1
199,1,0,2,24.0,13.0,2,3.0,1,1,0
200,0,0,3,28.0,9.5,2,1.0,1,1,0
202,0,0,3,34.0,6.4958,2,1.0,1,1,0
203,0,0,3,45.5,7.225,1,1.0,1,1,0
204,0,1,3,18.0,8.05,2,1.0,4,1,0
205,1,0,3,2.0,10.4625,2,3.0,1,8,1
206,0,0,3,32.0,15.85,2,1.0,1,1,1
207,0,1,3,26.0,18.7875,1,1.0,1,1,0
208,1,1,3,16.0,7.75,3,3.0,1,1,0
209,0,1,1,40.0,31.0,1,1.0,1,6,0
210,0,0,3,24.0,7.05,2,1.0,6,1,0
211,1,1,2,35.0,21.0,2,3.0,11,1,0
212,0,0,3,22.0,7.25,2,1.0,4,1,0
213,0,0,2,30.0,13.0,2,1.0,1,1,0
215,1,1,1,31.0,113.275,1,3.0,1,4,1
216,1,1,3,27.0,7.925,2,3.0,5,1,0
217,0,0,2,42.0,27.0,2,1.0,1,1,1
218,1,1,1,32.0,76.2917,1,3.0,1,4,0
219,0,0,2,30.0,10.5,2,1.0,10,1,0
220,0,1,3,16.0,8.05,2,1.0,6,1,0
221,0,0,2,27.0,13.0,2,1.0,1,1,0
222,0,0,3,51.0,8.05,2,1.0,1,1,0
224,0,1,1,38.0,90.0,2,1.0,1,2,1
225,0,0,3,22.0,9.35,2,1.0,13,1,0
226,0,1,2,19.0,10.5,2,1.0,17,1,0
227,0,0,3,20.5,7.25,2,1.0,4,1,0
228,0,0,2,18.0,13.0,2,1.0,1,1,0
230,1,1,1,35.0,83.475,2,2.0,1,2,1
231,0,0,3,29.0,7.775,2,1.0,1,1,0
232,0,0,2,59.0,13.5,2,1.0,1,1,0
233,1,1,3,5.0,31.3875,2,3.0,1,1,6
234,0,0,2,24.0,10.5,2,1.0,3,1,0
236,0,0,2,44.0,26.0,2,1.0,1,1,1
237,1,1,2,8.0,26.25,2,3.0,3,1,2
238,0,0,2,19.0,10.5,2,1.0,1,1,0
239,0,0,2,33.0,12.275,2,1.0,16,1,0
242,0,0,2,29.0,10.5,2,1.0,10,1,0
243,0,0,3,22.0,7.125,2,1.0,5,1,0
244,0,0,3,30.0,7.225,1,1.0,1,1,0
245,0,0,1,44.0,90.0,3,6.0,1,2,2
246,1,0,3,25.0,7.775,2,3.0,1,1,0
247,1,1,2,24.0,14.5,2,2.0,1,1,2
248,0,1,1,37.0,52.5542,2,1.0,1,4,2
249,0,0,2,54.0,26.0,2,5.0,1,1,1
251,1,0,3,29.0,10.4625,2,2.0,1,8,2
252,0,0,1,62.0,26.55,2,1.0,1,2,0
253,0,0,3,30.0,16.1,2,1.0,4,1,1
254,1,0,3,41.0,20.2125,2,2.0,1,1,2
255,1,1,3,29.0,15.2458,1,2.0,1,1,2
257,1,1,1,30.0,86.5,2,3.0,1,3,0
258,1,1,1,35.0,512.3292,1,3.0,2,1,0
259,1,1,2,50.0,26.0,2,2.0,1,1,1
261,0,1,3,3.0,31.3875,2,4.0,1,1,6
262,0,0,1,52.0,79.65,2,1.0,1,5,2
263,0,0,1,40.0,0.0,2,1.0,1,3,0
265,0,0,2,36.0,10.5,2,1.0,3,1,0
266,0,0,3,16.0,39.6875,2,1.0,1,1,5
267,0,1,3,25.0,7.775,2,1.0,1,1,1
268,1,1,1,58.0,153.4625,2,2.0,2,2,1
269,1,1,1,35.0,135.6333,2,3.0,2,2,0
271,0,1,3,25.0,0.0,2,1.0,12,1,0
272,1,1,2,41.0,19.5,2,2.0,1,1,1
273,0,0,1,37.0,29.7,1,1.0,2,2,1
275,1,1,1,63.0,77.9583,2,3.0,1,4,1
276,1,0,3,45.0,7.75,2,3.0,1,1,0
278,0,0,3,7.0,29.125,3,4.0,1,1,5
279,1,1,3,35.0,20.25,2,2.0,3,1,2
280,0,0,3,65.0,7.75,3,1.0,1,1,0
281,0,0,3,28.0,7.8542,2,1.0,1,1,0
282,0,0,3,16.0,9.5,2,1.0,1,1,0
283,0,1,3,19.0,8.05,2,1.0,4,1,0
285,0,0,3,33.0,8.6625,1,1.0,1,1,0
286,0,1,3,30.0,9.5,2,1.0,1,1,0
287,0,0,3,22.0,7.8958,2,1.0,1,1,0
288,0,1,2,42.0,13.0,2,1.0,1,1,0
289,1,1,3,22.0,7.75,3,3.0,1,1,0
290,1,1,1,26.0,78.85,2,3.0,1,1,0
291,1,1,1,19.0,91.0792,1,2.0,1,3,1
292,0,0,2,36.0,12.875,1,1.0,9,4,0
293,1,0,3,24.0,8.85,2,3.0,1,1,0
294,0,0,3,24.0,7.8958,2,1.0,1,1,0
296,0,0,3,23.5,7.2292,1,1.0,1,1,0
297,1,0,1,2.0,151.55,2,3.0,1,2,3
299,1,1,1,50.0,247.5208,1,2.0,2,3,1
302,0,0,3,19.0,0.0,2,1.0,12,1,0
305,0,1,1,0.92,151.55,2,4.0,1,2,3
307,1,1,1,17.0,108.9,1,2.0,2,2,1
308,0,0,2,30.0,24.0,1,1.0,14,1,1
309,1,1,1,30.0,56.9292,1,3.0,2,5,0
310,1,1,1,24.0,83.1583,1,3.0,1,2,0
311,1,1,1,18.0,262.375,1,3.0,2,3,4
312,1,0,2,26.0,26.0,2,2.0,1,1,2
313,0,0,3,28.0,7.8958,2,1.0,1,1,0
314,0,0,2,43.0,26.25,2,1.0,11,1,2
315,1,1,3,26.0,7.8542,2,3.0,1,1,0
316,1,1,2,24.0,26.0,2,2.0,1,1,1
317,0,0,2,54.0,14.0,2,6.0,1,1,0
318,1,1,1,31.0,164.8667,2,3.0,1,2,2
319,1,1,1,40.0,134.5,1,2.0,1,5,2
320,0,0,3,22.0,7.25,2,1.0,4,1,0
321,0,0,3,27.0,7.8958,2,1.0,1,1,0
322,1,1,2,30.0,12.35,3,3.0,1,1,0
323,1,1,2,22.0,29.0,2,2.0,1,1,2
325,1,1,1,36.0,135.6333,1,3.0,2,2,0
326,0,0,3,61.0,6.2375,2,1.0,1,1,0
327,1,1,2,36.0,13.0,2,2.0,1,4,0
328,1,1,3,31.0,20.525,2,2.0,1,1,2
329,1,1,1,16.0,57.9792,1,3.0,1,3,1
331,0,0,1,45.5,28.5,2,1.0,1,2,0
332,0,0,1,38.0,153.4625,2,1.0,2,2,1
333,0,0,3,16.0,18.0,2,1.0,1,1,2
336,0,0,1,29.0,66.6,2,1.0,1,2,1
337,1,1,1,41.0,134.5,1,3.0,1,5,0
338,0,1,3,45.0,8.05,2,1.0,1,1,0
339,0,0,1,45.0,35.5,2,1.0,1,9,0
340,0,1,2,2.0,26.0,2,4.0,1,7,2
341,1,1,1,24.0,263.0,2,3.0,1,2,5
342,0,0,2,28.0,13.0,2,1.0,1,1,0
343,0,0,2,25.0,13.0,2,1.0,1,1,0
344,0,0,2,36.0,13.0,2,1.0,1,1,0
345,1,1,2,24.0,13.0,2,3.0,1,7,0
346,1,1,2,40.0,13.0,2,3.0,1,1,0
348,0,1,3,3.0,15.9,2,4.0,3,1,2
349,0,0,3,42.0,8.6625,2,1.0,1,1,0
350,0,0,3,23.0,9.225,2,1.0,1,1,0
352,0,0,3,15.0,7.2292,1,1.0,1,1,2
353,0,0,3,25.0,17.8,2,1.0,1,1,1
355,0,0,3,28.0,9.5,2,1.0,1,1,0
356,1,1,1,22.0,55.0,2,3.0,1,5,1
357,1,0,2,38.0,13.0,2,3.0,1,1,0
360,0,0,3,40.0,27.9,2,1.0,1,1,5
361,0,0,2,29.0,27.7208,1,1.0,9,1,1
362,1,0,3,45.0,14.4542,1,2.0,1,1,1
363,0,0,3,35.0,7.05,2,1.0,6,1,0
365,0,0,3,30.0,7.25,2,1.0,3,1,0
366,1,1,1,60.0,75.25,1,2.0,1,4,1
369,1,1,1,24.0,69.3,1,10.0,2,3,0
370,0,1,1,25.0,55.4417,1,1.0,1,5,1
371,0,0,3,18.0,6.4958,2,1.0,1,1,1
372,0,0,3,19.0,8.05,2,1.0,1,1,0
373,0,0,1,22.0,135.6333,1,1.0,2,1,0
374,1,0,3,3.0,21.075,2,3.0,1,1,4
376,1,1,3,22.0,7.25,2,3.0,3,1,0
377,0,0,1,27.0,211.5,1,1.0,1,2,2
378,0,0,3,20.0,4.0125,1,1.0,1,1,0
379,0,0,3,19.0,7.775,2,1.0,1,1,0
380,1,1,1,42.0,227.525,1,3.0,2,1,0
381,1,1,3,1.0,15.7417,1,3.0,1,1,2
382,0,0,3,32.0,7.925,2,1.0,5,1,0
383,1,1,1,35.0,52.0,2,2.0,1,1,1
385,0,0,2,18.0,73.5,2,1.0,7,1,0
386,0,0,3,1.0,46.9,2,4.0,8,1,7
387,1,1,2,36.0,13.0,2,3.0,1,1,0
389,1,1,2,17.0,12.0,1,3.0,9,1,0
390,0,1,1,36.0,120.0,2,1.0,1,3,3
391,0,1,3,21.0,7.7958,2,1.0,1,1,0
392,0,0,3,28.0,7.925,2,1.0,1,1,2
393,1,1,1,23.0,113.275,1,3.0,1,4,1
394,1,1,3,24.0,16.7,2,2.0,13,8,2
395,0,0,3,22.0,7.7958,2,1.0,1,1,0
396,1,0,3,31.0,7.8542,2,3.0,1,1,0
397,0,0,2,46.0,26.0,2,1.0,1,1,0
398,0,0,2,23.0,10.5,2,6.0,1,1,0
399,1,1,2,28.0,12.65,2,2.0,1,1,0
400,0,1,3,39.0,7.925,2,1.0,5,1,0
401,0,0,3,26.0,8.05,2,1.0,1,1,0
402,1,0,3,21.0,9.825,2,3.0,1,1,1
403,0,0,3,28.0,15.85,2,1.0,5,1,1
404,1,0,3,20.0,8.6625,2,3.0,1,1,0
405,0,0,2,34.0,21.0,2,1.0,1,1,1
406,0,0,3,51.0,7.75,2,1.0,1,1,0
407,0,1,2,3.0,18.75,2,4.0,1,1,2
408,0,0,3,21.0,7.775,2,1.0,1,1,0
412,1,1,1,33.0,90.0,3,3.0,1,2,1
414,0,1,3,44.0,7.925,2,1.0,5,1,0
416,1,1,2,34.0,32.5,2,2.0,1,1,2
417,1,1,2,18.0,13.0,2,3.0,1,1,2
418,0,0,2,30.0,13.0,2,1.0,1,1,0
419,1,0,3,10.0,24.15,2,3.0,1,1,2
421,0,0,3,21.0,7.7333,3,1.0,4,1,0
422,0,0,3,29.0,7.875,2,1.0,1,1,0
423,1,0,3,28.0,14.4,2,2.0,1,1,2
424,0,0,3,18.0,20.2125,2,1.0,1,1,2
426,1,1,2,28.0,26.0,2,2.0,1,1,1
427,1,1,2,19.0,26.0,2,3.0,1,1,0
429,0,1,3,32.0,8.05,2,1.0,6,5,0
430,0,1,1,28.0,26.55,2,1.0,1,2,0
432,1,1,2,42.0,26.0,2,2.0,9,1,1
433,0,0,3,17.0,7.125,2,1.0,5,1,0
434,0,0,1,50.0,55.9,2,1.0,1,5,1
435,1,1,1,14.0,120.0,2,3.0,1,3,3
436,1,0,3,21.0,34.375,2,3.0,10,1,4
437,1,1,2,24.0,18.75,2,2.0,1,1,5
438,0,0,1,64.0,263.0,2,1.0,1,2,5
439,0,0,2,31.0,10.5,2,1.0,3,1,0
440,1,1,2,45.0,26.25,2,2.0,11,1,2
441,0,0,3,20.0,9.5,2,1.0,1,1,0
442,0,0,3,25.0,7.775,2,1.0,1,1,1
443,1,1,2,28.0,13.0,2,11.0,1,1,0
445,0,1,1,4.0,81.8583,2,4.0,1,6,2
446,1,1,2,13.0,19.5,2,3.0,1,1,1
447,0,1,1,34.0,26.55,2,1.0,1,1,0
448,1,1,3,5.0,19.2583,1,3.0,1,1,3
449,0,1,1,52.0,30.5,2,7.0,1,2,0
450,0,0,2,36.0,27.75,2,1.0,3,1,3
452,0,0,1,30.0,27.75,1,1.0,1,2,0
453,0,1,1,49.0,89.1042,1,1.0,1,2,1
455,0,1,3,29.0,7.8958,1,1.0,1,1,0
456,0,0,1,65.0,26.55,2,1.0,1,5,0
458,1,1,2,50.0,10.5,2,3.0,11,1,0
460,0,1,1,48.0,26.55,2,1.0,1,5,0
461,0,0,3,34.0,8.05,2,1.0,1,1,0
462,0,0,1,47.0,38.5,2,1.0,1,5,0
463,0,0,2,48.0,13.0,2,1.0,1,1,0
465,0,0,3,38.0,7.05,2,1.0,6,1,0
467,0,0,1,56.0,26.55,2,1.0,1,1,0
469,1,1,3,0.75,19.2583,1,3.0,1,1,3
471,0,0,3,38.0,8.6625,2,1.0,1,1,0
472,1,1,2,33.0,27.75,2,2.0,3,1,3
473,1,1,2,23.0,13.7917,1,2.0,9,4,0
474,1,0,3,22.0,9.8375,2,3.0,1,1,0
476,0,0,2,34.0,21.0,2,1.0,1,1,1
477,0,0,3,29.0,7.0458,2,1.0,1,1,1
478,0,0,3,22.0,7.5208,2,1.0,1,1,0
479,1,1,3,2.0,12.2875,2,3.0,1,1,1
480,0,0,3,9.0,46.9,2,4.0,8,1,7
482,0,0,3,50.0,8.05,2,1.0,4,1,0
483,1,1,3,63.0,9.5875,2,2.0,1,1,0
484,0,1,1,25.0,91.0792,1,1.0,1,3,1
486,1,1,1,35.0,90.0,2,2.0,1,2,1
487,0,0,1,58.0,29.7,1,1.0,1,3,0
488,0,0,3,30.0,8.05,2,1.0,4,1,0
489,0,1,3,9.0,15.9,2,4.0,3,1,2
491,0,0,3,21.0,7.25,2,1.0,6,1,0
492,0,0,1,55.0,30.5,2,1.0,1,2,0
493,0,0,1,71.0,49.5042,1,1.0,2,1,0
494,0,0,3,21.0,8.05,2,1.0,4,1,0
496,1,1,1,54.0,78.2667,1,3.0,1,4,1
498,1,0,1,25.0,151.55,2,2.0,1,2,3
499,0,0,3,24.0,7.7958,2,1.0,1,1,0
500,0,0,3,17.0,8.6625,2,1.0,1,1,0
501,1,0,3,21.0,7.75,3,3.0,1,1,0
503,1,0,3,37.0,9.5875,2,3.0,1,1,0
504,1,1,1,16.0,86.5,2,3.0,1,3,0
505,0,0,1,18.0,108.9,1,1.0,2,2,1
506,1,1,2,33.0,26.0,2,2.0,1,1,2
508,0,0,3,28.0,22.525,2,1.0,3,1,0
509,0,1,3,26.0,56.4958,2,1.0,1,1,0
510,0,1,3,29.0,7.75,3,1.0,1,1,0
512,0,1,1,36.0,26.2875,2,1.0,2,5,0
513,1,1,1,54.0,59.4,1,2.0,2,1,1
514,0,0,3,24.0,7.4958,2,1.0,1,1,0
515,0,0,1,47.0,34.0208,2,1.0,1,4,0
516,1,1,2,34.0,10.5,2,2.0,3,7,0
518,1,1,2,36.0,26.0,2,2.0,1,1,1
519,0,0,3,32.0,7.8958,2,1.0,1,1,0
520,1,1,1,30.0,93.5,2,3.0,1,3,0
521,0,0,3,22.0,7.8958,2,1.0,1,1,0
523,1,1,1,44.0,57.9792,1,2.0,1,3,1
525,0,0,3,40.5,7.75,3,1.0,1,1,0
526,1,1,2,50.0,10.5,2,3.0,10,1,0
528,0,0,3,39.0,7.925,2,1.0,1,1,0
529,0,0,2,23.0,11.5,2,1.0,1,1,3
530,1,1,2,2.0,26.0,2,3.0,1,1,2
532,0,0,3,17.0,7.2292,1,1.0,1,1,2
534,1,0,3,30.0,8.6625,2,3.0,1,1,0
535,1,1,2,7.0,26.25,2,3.0,11,1,2
536,0,0,1,45.0,26.55,2,7.0,1,3,0
537,1,1,1,30.0,106.425,1,3.0,2,1,0
539,1,1,1,22.0,49.5,1,3.0,1,3,2
540,1,1,1,36.0,71.0,2,3.0,15,3,2
541,1,0,3,9.0,31.275,2,3.0,1,1,6
542,1,0,3,11.0,31.275,2,3.0,1,1,6
543,0,1,2,32.0,26.0,2,1.0,1,1,1
544,0,0,1,50.0,106.425,1,1.0,2,2,1
545,0,0,1,64.0,26.0,2,1.0,1,1,0
546,1,1,2,19.0,26.0,2,2.0,1,1,1
548,0,0,3,33.0,20.525,2,1.0,1,1,2
549,0,1,2,8.0,36.75,2,4.0,3,1,2
550,0,1,1,17.0,110.8833,1,1.0,1,2,2
551,0,0,2,27.0,26.0,2,1.0,1,1,0
553,0,1,3,22.0,7.225,1,1.0,1,1,0
554,1,1,3,22.0,7.775,2,3.0,1,1,0
555,0,0,1,62.0,26.55,2,1.0,1,1,0
556,1,1,1,48.0,39.6,1,12.0,1,6,1
558,1,1,1,39.0,79.65,2,2.0,1,5,2
559,1,1,3,36.0,17.4,2,2.0,1,1,1
561,0,0,3,40.0,7.8958,2,1.0,1,1,0
562,0,0,2,28.0,13.5,2,1.0,1,1,0
565,0,0,3,24.0,24.15,2,1.0,4,1,2
566,0,0,3,19.0,7.8958,2,1.0,1,1,0
567,1,0,3,29.0,21.075,2,2.0,1,1,4
569,0,1,3,32.0,7.8542,2,1.0,1,1,0
570,0,1,2,62.0,10.5,2,1.0,7,1,0
571,1,1,1,53.0,51.4792,2,2.0,1,2,2
572,0,1,1,36.0,26.3875,2,1.0,2,5,0
574,0,0,3,16.0,8.05,2,1.0,4,1,0
575,0,0,3,19.0,14.5,2,1.0,1,1,0
576,1,1,2,34.0,13.0,2,3.0,1,1,0
577,1,1,1,39.0,55.9,2,2.0,1,5,1
579,0,1,3,32.0,7.925,2,1.0,5,1,0
580,1,1,2,25.0,30.0,2,3.0,1,1,2
581,1,1,1,39.0,110.8833,1,2.0,1,2,2
582,0,0,2,54.0,26.0,2,1.0,1,1,0
583,0,0,1,36.0,40.125,1,1.0,1,6,0
585,1,1,1,18.0,79.65,2,3.0,1,5,2
586,0,0,2,47.0,15.0,2,1.0,1,1,0
587,0,1,1,60.0,79.2,1,1.0,1,3,2
588,0,0,3,22.0,8.05,2,1.0,1,1,0
590,0,0,3,35.0,7.125,2,1.0,5,1,0
591,1,1,1,52.0,78.2667,1,2.0,1,4,1
592,0,0,3,47.0,7.25,2,1.0,4,1,0
594,0,0,2,37.0,26.0,2,1.0,9,1,1
595,0,0,3,36.0,24.15,2,1.0,1,1,2
597,0,0,3,49.0,0.0,2,1.0,12,1,0
599,0,1,1,49.0,56.9292,1,13.0,2,6,1
600,1,1,2,24.0,27.0,2,2.0,1,1,3
603,0,0,3,44.0,8.05,2,1.0,1,1,0
604,0,1,1,35.0,26.55,1,1.0,1,1,0
605,0,0,3,36.0,15.55,2,1.0,1,1,1
606,0,0,3,30.0,7.8958,2,1.0,1,1,0
607,0,1,1,27.0,30.5,2,1.0,1,1,0
608,1,1,2,22.0,41.5792,1,2.0,9,1,3
609,1,1,1,40.0,153.4625,2,3.0,2,2,0
610,1,0,3,39.0,31.275,2,2.0,1,1,6
614,0,0,3,35.0,8.05,2,1.0,1,1,0
615,1,1,2,24.0,65.0,2,3.0,1,1,3
616,0,0,3,34.0,14.4,2,1.0,1,1,2
617,1,0,3,26.0,16.1,2,2.0,4,1,1
618,1,1,2,4.0,39.0,2,3.0,1,7,3
619,0,0,2,26.0,10.5,2,1.0,1,1,0
620,0,0,3,27.0,14.4542,1,1.0,1,1,1
621,0,1,1,42.0,52.5542,2,1.0,1,4,1
622,0,1,3,20.0,15.7417,1,1.0,1,1,2
623,0,0,3,21.0,7.8542,2,1.0,1,1,0
624,0,0,3,21.0,16.1,2,1.0,1,1,0
625,0,0,1,61.0,32.3208,2,1.0,1,4,0
626,0,0,2,57.0,12.35,3,5.0,1,1,0
627,1,1,1,21.0,77.9583,2,3.0,1,4,0
628,0,0,3,26.0,7.8958,2,1.0,1,1,0
630,0,1,1,80.0,30.0,2,1.0,1,6,0
631,0,0,3,51.0,7.0542,2,1.0,1,1,0
632,0,1,1,32.0,30.5,1,6.0,1,3,0
634,1,0,3,9.0,27.9,2,3.0,1,1,5
635,1,1,2,28.0,13.0,2,3.0,1,1,0
636,0,0,3,32.0,7.925,2,1.0,5,1,0
637,0,0,2,31.0,26.25,2,1.0,3,1,2
638,1,0,3,41.0,39.6875,2,2.0,1,1,5
640,0,0,3,20.0,7.8542,2,1.0,1,1,0
641,1,1,1,24.0,69.3,1,14.0,2,3,0
642,1,0,3,2.0,27.9,2,3.0,1,1,5
644,1,1,3,0.75,19.2583,1,3.0,1,1,3
645,0,1,1,48.0,76.7292,1,1.0,2,4,1
646,0,0,3,19.0,7.8958,2,1.0,1,1,0
647,0,1,1,56.0,35.5,1,8.0,1,6,0
649,1,1,3,23.0,7.55,2,3.0,8,1,0
651,1,1,2,18.0,23.0,2,3.0,1,1,1
652,0,0,3,21.0,8.4333,2,1.0,1,1,0
654,1,0,3,18.0,6.75,3,3.0,1,1,0
655,0,0,2,24.0,73.5,2,1.0,7,1,2
657,1,0,3,32.0,15.5,3,2.0,1,1,2
658,0,0,2,23.0,13.0,2,1.0,1,1,0
659,0,0,1,58.0,113.275,1,1.0,1,4,2
660,0,1,1,50.0,133.65,2,6.0,2,1,2
661,0,0,3,40.0,7.225,1,1.0,1,1,0
662,0,0,1,47.0,25.5875,2,1.0,1,5,0
663,0,0,3,36.0,7.4958,2,1.0,1,1,0
664,0,1,3,20.0,7.925,2,1.0,5,1,1
665,0,0,2,32.0,73.5,2,1.0,7,1,2
666,0,0,2,25.0,13.0,2,1.0,1,1,0
668,0,0,3,43.0,8.05,2,1.0,4,1,0
670,1,1,2,40.0,39.0,2,2.0,1,1,2
671,0,0,1,31.0,52.0,2,1.0,11,3,1
672,0,0,2,70.0,10.5,2,1.0,3,1,0
673,0,1,2,31.0,13.0,2,1.0,1,1,0
675,0,0,3,18.0,7.775,2,1.0,1,1,0
676,0,0,3,24.5,8.05,2,1.0,1,1,0
677,1,1,3,18.0,9.8417,2,3.0,1,1,0
678,1,0,3,43.0,46.9,2,2.0,8,1,7
679,0,1,1,36.0,512.3292,1,1.0,2,3,1
681,0,1,1,27.0,76.7292,1,1.0,2,4,0
682,0,0,3,20.0,9.225,2,1.0,1,1,0
683,0,0,3,14.0,46.9,2,1.0,8,1,7
684,0,0,2,60.0,39.0,2,1.0,1,1,2
685,0,0,2,25.0,41.5792,1,1.0,9,1,3
686,0,0,3,14.0,39.6875,2,1.0,1,1,5
687,0,0,3,19.0,10.1708,2,1.0,1,1,0
688,0,0,3,18.0,7.7958,2,1.0,1,1,0
689,1,1,1,15.0,211.3375,2,3.0,1,3,1
690,0,1,1,31.0,57.0,2,1.0,1,3,1
691,1,1,3,4.0,13.4167,1,3.0,1,1,1
693,0,0,3,25.0,7.225,1,1.0,1,1,0
694,0,0,1,60.0,26.55,2,8.0,1,1,0
695,0,0,2,52.0,13.5,2,1.0,1,1,0
696,0,0,3,44.0,8.05,2,1.0,1,1,0
698,0,0,1,49.0,110.8833,1,1.0,1,2,2
699,0,0,3,42.0,7.65,2,1.0,1,7,0
700,1,1,1,18.0,227.525,1,2.0,2,2,1
701,0,1,1,35.0,26.2875,2,1.0,2,5,0
702,1,0,3,18.0,14.4542,1,3.0,1,1,1
703,0,0,3,25.0,7.7417,3,1.0,1,1,0
704,0,0,3,26.0,7.8542,2,1.0,1,1,1
705,0,0,2,39.0,26.0,2,1.0,1,1,0
706,1,1,2,45.0,13.5,2,2.0,1,1,0
707,0,1,1,42.0,26.2875,2,1.0,2,5,0
708,1,1,1,22.0,151.55,2,3.0,1,1,0
710,1,1,1,24.0,49.5042,1,14.0,2,2,0
712,0,1,1,48.0,52.0,2,1.0,1,2,1
713,0,0,3,29.0,9.4833,2,1.0,1,1,0
714,0,0,2,52.0,13.0,2,1.0,1,1,0
715,0,0,3,19.0,7.65,2,1.0,1,7,0
716,1,1,1,38.0,227.525,1,3.0,2,2,0
717,1,1,2,27.0,10.5,2,3.0,1,5,0
719,0,0,3,33.0,7.775,2,1.0,1,1,0
720,1,1,2,6.0,33.0,2,3.0,1,1,1
721,0,0,3,17.0,7.0542,2,1.0,1,1,1
722,0,0,2,34.0,13.0,2,1.0,1,1,0
723,0,0,2,50.0,13.0,2,1.0,1,1,0
724,0,1,1,27.0,53.1,2,1.0,1,5,1
725,0,0,3,20.0,8.6625,2,1.0,1,1,0
726,1,1,2,30.0,21.0,2,2.0,1,1,3
728,0,0,2,25.0,26.0,2,1.0,1,1,1
729,1,0,3,25.0,7.925,2,3.0,5,1,1
730,1,1,1,29.0,211.3375,2,3.0,1,3,0
731,0,0,3,11.0,18.7875,1,1.0,1,1,0
733,0,0,2,23.0,13.0,2,1.0,1,1,0
734,0,0,2,23.0,13.0,2,1.0,1,1,0
735,0,0,3,28.5,16.1,2,1.0,1,1,0
736,1,0,3,48.0,34.375,2,2.0,10,1,4
737,0,1,1,35.0,512.3292,1,1.0,2,3,0
741,0,0,1,36.0,78.85,2,1.0,1,2,1
742,1,1,1,21.0,262.375,1,3.0,2,3,4
743,0,0,3,24.0,16.1,2,1.0,1,1,1
744,0,1,3,31.0,7.925,2,1.0,5,1,0
745,0,0,1,70.0,71.0,2,15.0,15,3,2
746,0,0,3,16.0,20.25,2,1.0,3,1,2
747,1,1,2,30.0,13.0,2,3.0,1,1,0
748,0,0,1,19.0,53.1,2,1.0,1,4,1
749,0,0,3,31.0,7.75,3,1.0,1,1,0
750,1,1,2,4.0,23.0,2,3.0,1,1,2
751,0,1,3,6.0,12.475,2,4.0,1,5,1
752,0,0,3,33.0,9.5,2,1.0,1,1,0
753,0,0,3,23.0,7.8958,2,1.0,1,1,0
754,1,1,2,48.0,65.0,2,2.0,1,1,3
755,0,1,2,0.67,14.5,2,4.0,1,1,2
756,0,0,3,28.0,7.7958,2,1.0,1,1,0
757,0,0,2,18.0,11.5,2,1.0,1,1,0
758,0,0,3,34.0,8.05,2,1.0,1,1,0
761,0,0,3,41.0,7.125,2,1.0,6,1,0
762,0,1,3,20.0,7.2292,1,1.0,1,1,0
763,1,1,1,36.0,120.0,2,2.0,1,3,3
764,0,0,3,16.0,7.775,2,1.0,1,1,0
765,1,1,1,51.0,77.9583,2,2.0,1,4,1
767,1,0,3,30.5,7.75,3,3.0,1,1,0
769,0,0,3,32.0,8.3625,2,1.0,1,1,0
770,0,0,3,24.0,9.5,2,1.0,1,1,0
771,0,0,3,48.0,7.8542,2,1.0,1,1,0
772,1,0,2,57.0,10.5,2,2.0,7,5,0
774,1,1,2,54.0,23.0,2,2.0,1,1,4
775,0,0,3,18.0,7.75,2,1.0,1,1,0
777,1,1,3,5.0,12.475,2,3.0,1,1,0
779,1,1,1,43.0,211.3375,2,2.0,1,3,1
780,1,1,3,13.0,7.2292,1,3.0,1,1,0
781,1,1,1,17.0,57.0,2,2.0,1,3,1
782,0,0,1,29.0,30.0,2,1.0,1,4,0
784,0,0,3,25.0,7.05,2,1.0,6,1,0
785,0,0,3,25.0,7.25,2,1.0,1,1,0
786,1,1,3,18.0,7.4958,2,3.0,1,1,0
787,0,0,3,8.0,29.125,3,4.0,1,1,5
788,0,1,3,1.0,20.575,2,4.0,3,1,3
789,0,0,1,46.0,79.2,1,1.0,2,3,0
791,0,0,2,16.0,26.0,2,1.0,1,1,0
794,0,0,3,25.0,7.8958,2,1.0,1,1,0
795,0,0,2,39.0,13.0,2,1.0,1,1,0
796,1,1,1,49.0,25.9292,2,6.0,1,4,0
797,1,1,3,31.0,8.6833,2,2.0,1,1,0
798,0,0,3,30.0,7.2292,1,1.0,1,1,0
799,1,0,3,30.0,24.15,2,2.0,1,1,2
800,0,0,2,34.0,13.0,2,1.0,1,1,0
801,1,1,2,31.0,26.25,2,2.0,3,1,2
802,0,1,1,11.0,120.0,2,4.0,1,3,3
803,0,1,3,0.42,8.5167,1,4.0,1,1,1
804,0,1,3,27.0,6.975,2,1.0,1,1,0
805,0,0,3,31.0,7.775,2,1.0,1,1,0
806,0,0,1,39.0,0.0,2,1.0,1,6,0
807,1,0,3,18.0,7.775,2,3.0,1,1,0
808,0,0,2,39.0,13.0,2,1.0,1,1,0
809,1,1,1,33.0,53.1,2,2.0,1,5,1
810,0,0,3,26.0,7.8875,2,1.0,1,1,0
811,0,0,3,39.0,24.15,2,1.0,4,1,0
812,0,0,2,35.0,10.5,2,1.0,1,1,0
813,1,0,3,6.0,31.275,2,3.0,1,1,6
814,0,0,3,30.5,8.05,2,1.0,1,1,0
816,1,0,3,23.0,7.925,2,3.0,5,1,0
817,0,0,2,31.0,37.0042,1,1.0,7,1,2
818,0,0,3,43.0,6.45,2,1.0,3,1,0
819,0,0,3,10.0,27.9,2,4.0,1,1,5
820,1,1,1,52.0,93.5,2,2.0,1,3,2
821,0,1,3,27.0,8.6625,2,1.0,1,1,0
822,0,0,1,38.0,0.0,2,16.0,1,1,0
823,1,1,3,27.0,12.475,2,2.0,1,5,1
824,0,0,3,2.0,39.6875,2,4.0,1,1,5
827,0,1,2,1.0,37.0042,1,4.0,7,1,2
830,1,1,3,15.0,14.4542,1,2.0,1,1,1
831,0,1,2,0.83,18.75,2,4.0,1,1,2
833,0,0,3,23.0,7.8542,2,1.0,1,1,0
834,0,0,3,18.0,8.3,2,1.0,1,1,0
835,1,1,1,39.0,83.1583,1,3.0,2,5,2
836,0,0,3,21.0,8.6625,2,1.0,1,1,0
838,0,1,3,32.0,56.4958,2,1.0,1,1,0
840,0,0,3,20.0,7.925,2,1.0,6,1,0
841,0,0,2,16.0,10.5,2,1.0,7,1,0
842,1,1,1,30.0,31.0,1,3.0,1,1,0
843,0,0,3,34.5,6.4375,1,1.0,1,1,0
844,0,0,3,17.0,8.6625,2,1.0,1,1,0
845,0,0,3,42.0,7.55,2,1.0,3,1,0
847,0,0,3,35.0,7.8958,1,1.0,1,1,0
848,0,0,2,28.0,33.0,2,5.0,1,1,1
850,0,0,3,4.0,31.275,2,4.0,1,1,6
851,0,0,3,74.0,7.775,2,1.0,1,1,0
852,1,0,3,9.0,15.2458,1,3.0,1,1,2
853,1,1,1,16.0,39.4,2,3.0,2,4,1
854,1,0,2,44.0,26.0,2,2.0,1,1,1
855,1,1,3,18.0,9.35,2,2.0,1,1,1
856,1,1,1,45.0,164.8667,2,2.0,1,1,2
857,0,1,1,51.0,26.55,2,1.0,1,5,0
858,1,1,3,24.0,19.2583,1,2.0,1,1,3
860,0,0,3,41.0,14.1083,2,1.0,1,1,2
861,0,0,2,21.0,11.5,2,1.0,1,1,1
862,1,1,1,48.0,25.9292,2,2.0,1,4,0
864,0,0,2,24.0,13.0,2,1.0,1,1,0
865,1,1,2,42.0,13.0,2,2.0,1,1,0
866,1,1,2,27.0,13.8583,1,3.0,9,1,1
867,0,0,1,31.0,50.4958,2,1.0,2,6,0
869,0,1,3,4.0,11.1333,2,4.0,1,1,2
870,0,0,3,26.0,7.8958,2,1.0,1,1,0
871,1,1,1,47.0,52.5542,2,2.0,1,4,2
872,0,0,1,33.0,5.0,2,1.0,1,3,0
873,0,0,3,47.0,9.0,2,1.0,1,1,0
874,1,1,2,28.0,24.0,1,2.0,14,1,1
875,1,1,3,15.0,7.225,1,3.0,1,1,0
876,0,0,3,20.0,9.8458,2,1.0,1,1,0
877,0,0,3,19.0,7.8958,2,1.0,1,1,0
879,1,1,1,56.0,83.1583,1,2.0,1,2,1
880,1,1,2,25.0,26.0,2,2.0,1,1,1
881,0,0,3,33.0,7.8958,2,1.0,1,1,0
882,1,0,3,22.0,10.5167,2,3.0,1,1,0
883,0,0,2,28.0,10.5,2,1.0,3,1,0
884,0,0,3,25.0,7.05,2,1.0,6,1,0
885,1,0,3,39.0,29.125,3,2.0,1,1,5
886,0,0,2,27.0,13.0,2,5.0,1,1,0
887,1,1,1,19.0,30.0,2,3.0,1,3,0
889,0,1,1,26.0,30.0,1,1.0,1,2,0
890,0,0,3,32.0,7.75,3,1.0,1,1,0
